-- --------------------------------------------------------
-- Host:                         127.0.0.1
-- Server version:               9.4.0 - MySQL Community Server - GPL
-- Server OS:                    Win64
-- HeidiSQL Version:             12.17.0.7270
-- --------------------------------------------------------

/*!40101 SET @OLD_CHARACTER_SET_CLIENT=@@CHARACTER_SET_CLIENT */;
/*!40101 SET NAMES utf8 */;
/*!50503 SET NAMES utf8mb4 */;
/*!40103 SET @OLD_TIME_ZONE=@@TIME_ZONE */;
/*!40103 SET TIME_ZONE='+00:00' */;
/*!40014 SET @OLD_FOREIGN_KEY_CHECKS=@@FOREIGN_KEY_CHECKS, FOREIGN_KEY_CHECKS=0 */;
/*!40101 SET @OLD_SQL_MODE=@@SQL_MODE, SQL_MODE='NO_AUTO_VALUE_ON_ZERO' */;
/*!40111 SET @OLD_SQL_NOTES=@@SQL_NOTES, SQL_NOTES=0 */;

-- Dumping data for table kantinonline.detail_order: ~50 rows (approximately)
INSERT INTO `detail_order` (`id_detail`, `id_menu`, `id_transaksi`, `jumlah`, `sub_total`) VALUES
	('D0021', 'MN001', 'TR021', 2, 24000),
	('D0022', 'MN002', 'TR022', 1, 13000),
	('D0023', 'MN003', 'TR023', 2, 30000),
	('D0024', 'MN004', 'TR024', 1, 14000),
	('D0025', 'MN005', 'TR025', 2, 24000),
	('D0026', 'MN006', 'TR026', 1, 18000),
	('D0027', 'MN007', 'TR027', 2, 40000),
	('D0028', 'MN008', 'TR028', 1, 15000),
	('D0029', 'MN009', 'TR029', 2, 44000),
	('D0030', 'MN010', 'TR030', 3, 54000),
	('D0031', 'MN011', 'TR031', 2, 10000),
	('D0032', 'MN012', 'TR032', 1, 6000),
	('D0033', 'MN013', 'TR033', 2, 16000),
	('D0034', 'MN014', 'TR034', 1, 15000),
	('D0035', 'MN015', 'TR035', 2, 34000),
	('D0036', 'MN016', 'TR036', 1, 14000),
	('D0037', 'MN017', 'TR037', 3, 30000),
	('D0038', 'MN018', 'TR038', 2, 20000),
	('D0039', 'MN019', 'TR039', 2, 24000),
	('D0040', 'MN020', 'TR040', 1, 13000),
	('D0041', 'MN001', 'TR041', 2, 24000),
	('D0042', 'MN002', 'TR042', 3, 39000),
	('D0043', 'MN003', 'TR043', 1, 15000),
	('D0044', 'MN004', 'TR044', 2, 28000),
	('D0045', 'MN005', 'TR045', 2, 24000),
	('D0046', 'MN006', 'TR046', 1, 18000),
	('D0047', 'MN007', 'TR047', 2, 40000),
	('D0048', 'MN008', 'TR048', 3, 45000),
	('D0049', 'MN009', 'TR049', 1, 22000),
	('D0050', 'MN010', 'TR050', 2, 36000),
	('DO001', 'MN001', 'TR001', 2, 24000),
	('DO002', 'MN002', 'TR002', 2, 26000),
	('DO003', 'MN003', 'TR003', 1, 15000),
	('DO004', 'MN004', 'TR004', 1, 14000),
	('DO005', 'MN005', 'TR005', 2, 24000),
	('DO006', 'MN006', 'TR006', 1, 18000),
	('DO007', 'MN007', 'TR007', 1, 20000),
	('DO008', 'MN008', 'TR008', 2, 30000),
	('DO009', 'MN009', 'TR009', 1, 22000),
	('DO010', 'MN010', 'TR010', 2, 36000),
	('DO011', 'MN011', 'TR011', 3, 15000),
	('DO012', 'MN012', 'TR012', 2, 12000),
	('DO013', 'MN013', 'TR013', 2, 16000),
	('DO014', 'MN014', 'TR014', 1, 15000),
	('DO015', 'MN015', 'TR015', 1, 17000),
	('DO016', 'MN016', 'TR016', 2, 28000),
	('DO017', 'MN017', 'TR017', 2, 20000),
	('DO018', 'MN018', 'TR018', 2, 20000),
	('DO019', 'MN019', 'TR019', 2, 24000),
	('DO020', 'MN020', 'TR020', 2, 26000);

-- Dumping data for table kantinonline.lokasi: ~100 rows (approximately)
INSERT INTO `lokasi` (`id_lokasi`, `nama_lokasi`) VALUES
	('L001', 'Kantin 001'),
	('L002', 'Kantin 002'),
	('L003', 'Kantin 003'),
	('L004', 'Kantin 004'),
	('L005', 'Kantin 005'),
	('L006', 'Kantin 006'),
	('L007', 'Kantin 007'),
	('L008', 'Kantin 008'),
	('L009', 'Kantin 009'),
	('L010', 'Kantin 010'),
	('L011', 'Kantin 011'),
	('L012', 'Kantin 012'),
	('L013', 'Kantin 013'),
	('L014', 'Kantin 014'),
	('L015', 'Kantin 015'),
	('L016', 'Kantin 016'),
	('L017', 'Kantin 017'),
	('L018', 'Kantin 018'),
	('L019', 'Kantin 019'),
	('L020', 'Kantin 020'),
	('L021', 'Kantin 021'),
	('L022', 'Kantin 022'),
	('L023', 'Kantin 023'),
	('L024', 'Kantin 024'),
	('L025', 'Kantin 025'),
	('L026', 'Kantin 026'),
	('L027', 'Kantin 027'),
	('L028', 'Kantin 028'),
	('L029', 'Kantin 029'),
	('L030', 'Kantin 030'),
	('L031', 'Kantin 031'),
	('L032', 'Kantin 032'),
	('L033', 'Kantin 033'),
	('L034', 'Kantin 034'),
	('L035', 'Kantin 035'),
	('L036', 'Kantin 036'),
	('L037', 'Kantin 037'),
	('L038', 'Kantin 038'),
	('L039', 'Kantin 039'),
	('L040', 'Kantin 040'),
	('L041', 'Kantin 041'),
	('L042', 'Kantin 042'),
	('L043', 'Kantin 043'),
	('L044', 'Kantin 044'),
	('L045', 'Kantin 045'),
	('L046', 'Kantin 046'),
	('L047', 'Kantin 047'),
	('L048', 'Kantin 048'),
	('L049', 'Kantin 049'),
	('L050', 'Kantin 050'),
	('L051', 'Kantin 051'),
	('L052', 'Kantin 052'),
	('L053', 'Kantin 053'),
	('L054', 'Kantin 054'),
	('L055', 'Kantin 055'),
	('L056', 'Kantin 056'),
	('L057', 'Kantin 057'),
	('L058', 'Kantin 058'),
	('L059', 'Kantin 059'),
	('L060', 'Kantin 060'),
	('L061', 'Kantin 061'),
	('L062', 'Kantin 062'),
	('L063', 'Kantin 063'),
	('L064', 'Kantin 064'),
	('L065', 'Kantin 065'),
	('L066', 'Kantin 066'),
	('L067', 'Kantin 067'),
	('L068', 'Kantin 068'),
	('L069', 'Kantin 069'),
	('L070', 'Kantin 070'),
	('L071', 'Kantin 071'),
	('L072', 'Kantin 072'),
	('L073', 'Kantin 073'),
	('L074', 'Kantin 074'),
	('L075', 'Kantin 075'),
	('L076', 'Kantin 076'),
	('L077', 'Kantin 077'),
	('L078', 'Kantin 078'),
	('L079', 'Kantin 079'),
	('L080', 'Kantin 080'),
	('L081', 'Kantin 081'),
	('L082', 'Kantin 082'),
	('L083', 'Kantin 083'),
	('L084', 'Kantin 084'),
	('L085', 'Kantin 085'),
	('L086', 'Kantin 086'),
	('L087', 'Kantin 087'),
	('L088', 'Kantin 088'),
	('L089', 'Kantin 089'),
	('L090', 'Kantin 090'),
	('L091', 'Kantin 091'),
	('L092', 'Kantin 092'),
	('L093', 'Kantin 093'),
	('L094', 'Kantin 094'),
	('L095', 'Kantin 095'),
	('L096', 'Kantin 096'),
	('L097', 'Kantin 097'),
	('L098', 'Kantin 098'),
	('L099', 'Kantin 099'),
	('L100', 'Kantin 100');

-- Dumping data for table kantinonline.menu: ~50 rows (approximately)
INSERT INTO `menu` (`id_menu`, `id_merchant`, `nama_menu`, `harga`, `status_menu`, `stock`, `last_stock_update`) VALUES
	('MN001', 'M001', 'Nasi Rames Ayam', 15000, 'Ready Stock', 50, '2026-06-13 02:02:23'),
	('MN002', 'M001', 'Es Teh Manis', 4000, 'Ready Stock', 100, '2026-06-13 02:02:23'),
	('MN003', 'M002', 'Soto Ayam + Nasi', 18000, 'Ready Stock', 40, '2026-06-13 02:02:23'),
	('MN004', 'M002', 'Es Jeruk Peras', 5000, 'Ready Stock', 60, '2026-06-13 02:02:23'),
	('MN005', 'M003', 'Nasi Telur Dadar + Sayur', 12000, 'Ready Stock', 70, '2026-06-13 02:02:23'),
	('MN006', 'M003', 'Es Sirup', 4000, 'Ready Stock', 80, '2026-06-13 02:02:23'),
	('MN007', 'M004', 'Ayam Geprek Level 3', 16000, 'Ready Stock', 45, '2026-06-13 02:02:23'),
	('MN008', 'M005', 'Kopi Susu Gula Aren', 15000, 'Ready Stock', 80, '2026-06-13 02:02:23'),
	('MN009', 'M005', 'Roti Bakar Cokelat', 12000, 'Ready Stock', 30, '2026-06-13 02:02:23'),
	('MN010', 'M006', 'Bakso Mercon', 17000, 'Ready Stock', 35, '2026-06-13 02:02:23'),
	('MN011', 'M006', 'Mie Ayam Pangsit', 15000, 'Ready Stock', 40, '2026-06-13 02:02:23'),
	('MN012', 'M007', 'Nasi Goreng Spesial', 16000, 'Ready Stock', 50, '2026-06-13 02:02:23'),
	('MN013', 'M008', 'Gorengan Isi 5', 5000, 'Ready Stock', 150, '2026-06-13 02:02:23'),
	('MN014', 'M008', 'Batagor Bandung', 12000, 'Ready Stock', 40, '2026-06-13 02:02:23'),
	('MN015', 'M009', 'Pempek Kapal Selam', 15000, 'Ready Stock', 30, '2026-06-13 02:02:23'),
	('MN016', 'M009', 'Es Kacang Merah', 8000, 'Stock Kosong', 0, '2026-06-13 02:02:23'),
	('MN017', 'M010', 'Jus Alpukat', 10000, 'Ready Stock', 25, '2026-06-13 02:02:23'),
	('MN018', 'M010', 'Jus Mangga', 10000, 'Ready Stock', 25, '2026-06-13 02:02:23'),
	('MN019', 'M001', 'Ayam Bakar Madu', 20000, 'Ready Stock', 20, '2026-06-13 02:02:23'),
	('MN020', 'M004', 'Kulit Ayam Krispi', 8000, 'Ready Stock', 50, '2026-06-13 02:02:23'),
	('MN021', 'M001', 'Nasi Goreng Ayam', 18000, 'Ready Stock', 40, '2026-06-13 03:20:38'),
	('MN022', 'M002', 'Es Cincau', 7000, 'Ready Stock', 60, '2026-06-13 03:20:38'),
	('MN023', 'M003', 'Mie Goreng Jawa', 16000, 'Ready Stock', 35, '2026-06-13 03:20:38'),
	('MN024', 'M004', 'Ayam Bakar Sambal', 22000, 'Ready Stock', 25, '2026-06-13 03:20:38'),
	('MN025', 'M005', 'Kopi Hitam', 8000, 'Ready Stock', 80, '2026-06-13 03:20:38'),
	('MN026', 'M006', 'Bakso Urat', 20000, 'Ready Stock', 30, '2026-06-13 03:20:38'),
	('MN027', 'M007', 'Nasi Uduk', 14000, 'Ready Stock', 45, '2026-06-13 03:20:38'),
	('MN028', 'M008', 'Tahu Crispy', 10000, 'Ready Stock', 70, '2026-06-13 03:20:38'),
	('MN029', 'M009', 'Es Campur', 12000, 'Ready Stock', 50, '2026-06-13 03:20:38'),
	('MN030', 'M010', 'Jus Jeruk', 10000, 'Ready Stock', 40, '2026-06-13 03:20:38'),
	('MN031', 'M001', 'Ayam Penyet', 18000, 'Ready Stock', 35, '2026-06-13 03:20:38'),
	('MN032', 'M002', 'Es Teh Tarik', 9000, 'Ready Stock', 55, '2026-06-13 03:20:38'),
	('MN033', 'M003', 'Nasi Kuning', 15000, 'Ready Stock', 40, '2026-06-13 03:20:38'),
	('MN034', 'M004', 'Sate Ayam', 25000, 'Ready Stock', 20, '2026-06-13 03:20:38'),
	('MN035', 'M005', 'Roti Bakar Keju', 14000, 'Ready Stock', 30, '2026-06-13 03:20:38'),
	('MN036', 'M006', 'Mie Rebus', 13000, 'Ready Stock', 50, '2026-06-13 03:20:38'),
	('MN037', 'M007', 'Nasi Pecel', 12000, 'Ready Stock', 45, '2026-06-13 03:20:38'),
	('MN038', 'M008', 'Cireng Isi', 8000, 'Ready Stock', 75, '2026-06-13 03:20:38'),
	('MN039', 'M009', 'Es Doger', 12000, 'Ready Stock', 30, '2026-06-13 03:20:38'),
	('MN040', 'M010', 'Jus Melon', 10000, 'Ready Stock', 35, '2026-06-13 03:20:38'),
	('MN041', 'M001', 'Nasi Ayam Bakar', 20000, 'Ready Stock', 30, '2026-06-13 03:20:38'),
	('MN042', 'M002', 'Lemon Tea', 8000, 'Ready Stock', 60, '2026-06-13 03:20:38'),
	('MN043', 'M003', 'Soto Betawi', 22000, 'Ready Stock', 25, '2026-06-13 03:20:38'),
	('MN044', 'M004', 'Ayam Krispi', 17000, 'Ready Stock', 50, '2026-06-13 03:20:38'),
	('MN045', 'M005', 'Kopi Latte', 18000, 'Ready Stock', 40, '2026-06-13 03:20:38'),
	('MN046', 'M006', 'Bakso Telur', 19000, 'Ready Stock', 35, '2026-06-13 03:20:38'),
	('MN047', 'M007', 'Nasi Campur', 17000, 'Ready Stock', 30, '2026-06-13 03:20:38'),
	('MN048', 'M008', 'Batagor Kuah', 14000, 'Ready Stock', 25, '2026-06-13 03:20:38'),
	('MN049', 'M009', 'Es Teler', 15000, 'Ready Stock', 20, '2026-06-13 03:20:38'),
	('MN050', 'M010', 'Jus Stroberi', 12000, 'Ready Stock', 30, '2026-06-13 03:20:38');

-- Dumping data for table kantinonline.merchant: ~150 rows (approximately)
INSERT INTO `merchant` (`id_merchant`, `nama_merchant`, `tgl_bergabung`, `status_prioritas`, `status_badge`, `last_stock_update`, `rating_avarage`) VALUES
	('M001', 'Merchant 1', '2024-01-01', 1, 'Top Merchant', '2026-06-13 01:57:29', 4.01),
	('M002', 'Merchant 2', '2024-01-02', 0, 'Beginer Merchant', '2026-06-13 01:57:29', 4.02),
	('M003', 'Merchant 3', '2024-01-03', 1, 'Top Merchant', '2026-06-13 01:57:29', 4.03),
	('M004', 'Merchant 4', '2024-01-04', 0, 'Beginer Merchant', '2026-06-13 01:57:29', 4.04),
	('M005', 'Merchant 5', '2024-01-05', 1, 'Top Merchant', '2026-06-13 01:57:29', 4.05),
	('M006', 'Merchant 6', '2024-01-06', 0, 'Beginer Merchant', '2026-06-13 01:57:29', 4.06),
	('M007', 'Merchant 7', '2024-01-07', 1, 'Top Merchant', '2026-06-13 01:57:29', 4.07),
	('M008', 'Merchant 8', '2024-01-08', 0, 'Beginer Merchant', '2026-06-13 01:57:29', 4.08),
	('M009', 'Merchant 9', '2024-01-09', 1, 'Top Merchant', '2026-06-13 01:57:29', 4.09),
	('M010', 'Merchant 10', '2024-01-10', 0, 'Beginer Merchant', '2026-06-13 01:57:29', 4.10),
	('M011', 'Merchant 11', '2024-01-11', 1, 'Top Merchant', '2026-06-13 01:57:29', 4.11),
	('M012', 'Merchant 12', '2024-01-12', 0, 'Beginer Merchant', '2026-06-13 01:57:29', 4.12),
	('M013', 'Merchant 13', '2024-01-13', 1, 'Top Merchant', '2026-06-13 01:57:29', 4.13),
	('M014', 'Merchant 14', '2024-01-14', 0, 'Beginer Merchant', '2026-06-13 01:57:29', 4.14),
	('M015', 'Merchant 15', '2024-01-15', 1, 'Top Merchant', '2026-06-13 01:57:29', 4.15),
	('M016', 'Merchant 16', '2024-01-16', 0, 'Beginer Merchant', '2026-06-13 01:57:29', 4.16),
	('M017', 'Merchant 17', '2024-01-17', 1, 'Top Merchant', '2026-06-13 01:57:29', 4.17),
	('M018', 'Merchant 18', '2024-01-18', 0, 'Beginer Merchant', '2026-06-13 01:57:29', 4.18),
	('M019', 'Merchant 19', '2024-01-19', 1, 'Top Merchant', '2026-06-13 01:57:29', 4.19),
	('M020', 'Merchant 20', '2024-01-20', 0, 'Beginer Merchant', '2026-06-13 01:57:29', 4.20),
	('M021', 'Merchant 21', '2024-01-21', 1, 'Top Merchant', '2026-06-13 01:57:29', 4.21),
	('M022', 'Merchant 22', '2024-01-22', 0, 'Beginer Merchant', '2026-06-13 01:57:29', 4.22),
	('M023', 'Merchant 23', '2024-01-23', 1, 'Top Merchant', '2026-06-13 01:57:29', 4.23),
	('M024', 'Merchant 24', '2024-01-24', 0, 'Beginer Merchant', '2026-06-13 01:57:29', 4.24),
	('M025', 'Merchant 25', '2024-01-25', 1, 'Top Merchant', '2026-06-13 01:57:29', 4.25),
	('M026', 'Merchant 26', '2024-01-26', 0, 'Beginer Merchant', '2026-06-13 01:57:29', 4.26),
	('M027', 'Merchant 27', '2024-01-27', 1, 'Top Merchant', '2026-06-13 01:57:29', 4.27),
	('M028', 'Merchant 28', '2024-01-28', 0, 'Beginer Merchant', '2026-06-13 01:57:29', 4.28),
	('M029', 'Merchant 29', '2024-01-29', 1, 'Top Merchant', '2026-06-13 01:57:29', 4.29),
	('M030', 'Merchant 30', '2024-01-30', 0, 'Beginer Merchant', '2026-06-13 01:57:29', 4.30),
	('M031', 'Merchant 31', '2024-01-31', 1, 'Top Merchant', '2026-06-13 01:57:29', 4.31),
	('M032', 'Merchant 32', '2024-02-01', 0, 'Beginer Merchant', '2026-06-13 01:57:29', 4.32),
	('M033', 'Merchant 33', '2024-02-02', 1, 'Top Merchant', '2026-06-13 01:57:29', 4.33),
	('M034', 'Merchant 34', '2024-02-03', 0, 'Beginer Merchant', '2026-06-13 01:57:29', 4.34),
	('M035', 'Merchant 35', '2024-02-04', 1, 'Top Merchant', '2026-06-13 01:57:29', 4.35),
	('M036', 'Merchant 36', '2024-02-05', 0, 'Beginer Merchant', '2026-06-13 01:57:29', 4.36),
	('M037', 'Merchant 37', '2024-02-06', 1, 'Top Merchant', '2026-06-13 01:57:29', 4.37),
	('M038', 'Merchant 38', '2024-02-07', 0, 'Beginer Merchant', '2026-06-13 01:57:29', 4.38),
	('M039', 'Merchant 39', '2024-02-08', 1, 'Top Merchant', '2026-06-13 01:57:29', 4.39),
	('M040', 'Merchant 40', '2024-02-09', 0, 'Beginer Merchant', '2026-06-13 01:57:29', 4.40),
	('M041', 'Merchant 41', '2024-02-10', 1, 'Top Merchant', '2026-06-13 01:57:29', 4.41),
	('M042', 'Merchant 42', '2024-02-11', 0, 'Beginer Merchant', '2026-06-13 01:57:29', 4.42),
	('M043', 'Merchant 43', '2024-02-12', 1, 'Top Merchant', '2026-06-13 01:57:29', 4.43),
	('M044', 'Merchant 44', '2024-02-13', 0, 'Beginer Merchant', '2026-06-13 01:57:29', 4.44),
	('M045', 'Merchant 45', '2024-02-14', 1, 'Top Merchant', '2026-06-13 01:57:29', 4.45),
	('M046', 'Merchant 46', '2024-02-15', 0, 'Beginer Merchant', '2026-06-13 01:57:29', 4.46),
	('M047', 'Merchant 47', '2024-02-16', 1, 'Top Merchant', '2026-06-13 01:57:29', 4.47),
	('M048', 'Merchant 48', '2024-02-17', 0, 'Beginer Merchant', '2026-06-13 01:57:29', 4.48),
	('M049', 'Merchant 49', '2024-02-18', 1, 'Top Merchant', '2026-06-13 01:57:29', 4.49),
	('M050', 'Merchant 50', '2024-02-19', 0, 'Beginer Merchant', '2026-06-13 01:57:29', 4.50),
	('M051', 'Merchant 51', '2024-02-20', 1, 'Top Merchant', '2026-06-13 01:57:29', 4.51),
	('M052', 'Merchant 52', '2024-02-21', 0, 'Beginer Merchant', '2026-06-13 01:57:29', 4.52),
	('M053', 'Merchant 53', '2024-02-22', 1, 'Top Merchant', '2026-06-13 01:57:29', 4.53),
	('M054', 'Merchant 54', '2024-02-23', 0, 'Beginer Merchant', '2026-06-13 01:57:29', 4.54),
	('M055', 'Merchant 55', '2024-02-24', 1, 'Top Merchant', '2026-06-13 01:57:29', 4.55),
	('M056', 'Merchant 56', '2024-02-25', 0, 'Beginer Merchant', '2026-06-13 01:57:29', 4.56),
	('M057', 'Merchant 57', '2024-02-26', 1, 'Top Merchant', '2026-06-13 01:57:29', 4.57),
	('M058', 'Merchant 58', '2024-02-27', 0, 'Beginer Merchant', '2026-06-13 01:57:29', 4.58),
	('M059', 'Merchant 59', '2024-02-28', 1, 'Top Merchant', '2026-06-13 01:57:29', 4.59),
	('M060', 'Merchant 60', '2024-02-29', 0, 'Beginer Merchant', '2026-06-13 01:57:29', 4.60),
	('M061', 'Merchant 61', '2024-03-01', 1, 'Top Merchant', '2026-06-13 01:57:29', 4.61),
	('M062', 'Merchant 62', '2024-03-02', 0, 'Beginer Merchant', '2026-06-13 01:57:29', 4.62),
	('M063', 'Merchant 63', '2024-03-03', 1, 'Top Merchant', '2026-06-13 01:57:29', 4.63),
	('M064', 'Merchant 64', '2024-03-04', 0, 'Beginer Merchant', '2026-06-13 01:57:29', 4.64),
	('M065', 'Merchant 65', '2024-03-05', 1, 'Top Merchant', '2026-06-13 01:57:29', 4.65),
	('M066', 'Merchant 66', '2024-03-06', 0, 'Beginer Merchant', '2026-06-13 01:57:29', 4.66),
	('M067', 'Merchant 67', '2024-03-07', 1, 'Top Merchant', '2026-06-13 01:57:29', 4.67),
	('M068', 'Merchant 68', '2024-03-08', 0, 'Beginer Merchant', '2026-06-13 01:57:29', 4.68),
	('M069', 'Merchant 69', '2024-03-09', 1, 'Top Merchant', '2026-06-13 01:57:29', 4.69),
	('M070', 'Merchant 70', '2024-03-10', 0, 'Beginer Merchant', '2026-06-13 01:57:29', 4.70),
	('M071', 'Merchant 71', '2024-03-11', 1, 'Top Merchant', '2026-06-13 01:57:29', 4.71),
	('M072', 'Merchant 72', '2024-03-12', 0, 'Beginer Merchant', '2026-06-13 01:57:29', 4.72),
	('M073', 'Merchant 73', '2024-03-13', 1, 'Top Merchant', '2026-06-13 01:57:29', 4.73),
	('M074', 'Merchant 74', '2024-03-14', 0, 'Beginer Merchant', '2026-06-13 01:57:29', 4.74),
	('M075', 'Merchant 75', '2024-03-15', 1, 'Top Merchant', '2026-06-13 01:57:29', 4.75),
	('M076', 'Merchant 76', '2024-03-16', 0, 'Beginer Merchant', '2026-06-13 01:57:29', 4.76),
	('M077', 'Merchant 77', '2024-03-17', 1, 'Top Merchant', '2026-06-13 01:57:29', 4.77),
	('M078', 'Merchant 78', '2024-03-18', 0, 'Beginer Merchant', '2026-06-13 01:57:29', 4.78),
	('M079', 'Merchant 79', '2024-03-19', 1, 'Top Merchant', '2026-06-13 01:57:29', 4.79),
	('M080', 'Merchant 80', '2024-03-20', 0, 'Beginer Merchant', '2026-06-13 01:57:29', 4.80),
	('M081', 'Merchant 81', '2024-03-21', 1, 'Top Merchant', '2026-06-13 01:57:29', 4.81),
	('M082', 'Merchant 82', '2024-03-22', 0, 'Beginer Merchant', '2026-06-13 01:57:29', 4.82),
	('M083', 'Merchant 83', '2024-03-23', 1, 'Top Merchant', '2026-06-13 01:57:29', 4.83),
	('M084', 'Merchant 84', '2024-03-24', 0, 'Beginer Merchant', '2026-06-13 01:57:29', 4.84),
	('M085', 'Merchant 85', '2024-03-25', 1, 'Top Merchant', '2026-06-13 01:57:29', 4.85),
	('M086', 'Merchant 86', '2024-03-26', 0, 'Beginer Merchant', '2026-06-13 01:57:29', 4.86),
	('M087', 'Merchant 87', '2024-03-27', 1, 'Top Merchant', '2026-06-13 01:57:29', 4.87),
	('M088', 'Merchant 88', '2024-03-28', 0, 'Beginer Merchant', '2026-06-13 01:57:29', 4.88),
	('M089', 'Merchant 89', '2024-03-29', 1, 'Top Merchant', '2026-06-13 01:57:29', 4.89),
	('M090', 'Merchant 90', '2024-03-30', 0, 'Beginer Merchant', '2026-06-13 01:57:29', 4.90),
	('M091', 'Merchant 91', '2024-03-31', 1, 'Top Merchant', '2026-06-13 01:57:29', 4.91),
	('M092', 'Merchant 92', '2024-04-01', 0, 'Beginer Merchant', '2026-06-13 01:57:29', 4.92),
	('M093', 'Merchant 93', '2024-04-02', 1, 'Top Merchant', '2026-06-13 01:57:29', 4.93),
	('M094', 'Merchant 94', '2024-04-03', 0, 'Beginer Merchant', '2026-06-13 01:57:29', 4.94),
	('M095', 'Merchant 95', '2024-04-04', 1, 'Top Merchant', '2026-06-13 01:57:29', 4.95),
	('M096', 'Merchant 96', '2024-04-05', 0, 'Beginer Merchant', '2026-06-13 01:57:29', 4.96),
	('M097', 'Merchant 97', '2024-04-06', 1, 'Top Merchant', '2026-06-13 01:57:29', 4.97),
	('M098', 'Merchant 98', '2024-04-07', 0, 'Beginer Merchant', '2026-06-13 01:57:29', 4.98),
	('M099', 'Merchant 99', '2024-04-08', 1, 'Top Merchant', '2026-06-13 01:57:29', 4.99),
	('M100', 'Merchant 100', '2024-04-09', 0, 'Beginer Merchant', '2026-06-13 01:57:29', 4.50),
	('M101', 'Merchant 101', '2024-04-10', 1, 'Top Merchant', '2026-06-13 01:57:29', 4.01),
	('M102', 'Merchant 102', '2024-04-11', 0, 'Beginer Merchant', '2026-06-13 01:57:29', 4.02),
	('M103', 'Merchant 103', '2024-04-12', 1, 'Top Merchant', '2026-06-13 01:57:29', 4.03),
	('M104', 'Merchant 104', '2024-04-13', 0, 'Beginer Merchant', '2026-06-13 01:57:29', 4.04),
	('M105', 'Merchant 105', '2024-04-14', 1, 'Top Merchant', '2026-06-13 01:57:29', 4.05),
	('M106', 'Merchant 106', '2024-04-15', 0, 'Beginer Merchant', '2026-06-13 01:57:29', 4.06),
	('M107', 'Merchant 107', '2024-04-16', 1, 'Top Merchant', '2026-06-13 01:57:29', 4.07),
	('M108', 'Merchant 108', '2024-04-17', 0, 'Beginer Merchant', '2026-06-13 01:57:29', 4.08),
	('M109', 'Merchant 109', '2024-04-18', 1, 'Top Merchant', '2026-06-13 01:57:29', 4.09),
	('M110', 'Merchant 110', '2024-04-19', 0, 'Beginer Merchant', '2026-06-13 01:57:29', 4.10),
	('M111', 'Merchant 111', '2024-04-20', 1, 'Top Merchant', '2026-06-13 01:57:29', 4.11),
	('M112', 'Merchant 112', '2024-04-21', 0, 'Beginer Merchant', '2026-06-13 01:57:29', 4.12),
	('M113', 'Merchant 113', '2024-04-22', 1, 'Top Merchant', '2026-06-13 01:57:29', 4.13),
	('M114', 'Merchant 114', '2024-04-23', 0, 'Beginer Merchant', '2026-06-13 01:57:29', 4.14),
	('M115', 'Merchant 115', '2024-04-24', 1, 'Top Merchant', '2026-06-13 01:57:29', 4.15),
	('M116', 'Merchant 116', '2024-04-25', 0, 'Beginer Merchant', '2026-06-13 01:57:29', 4.16),
	('M117', 'Merchant 117', '2024-04-26', 1, 'Top Merchant', '2026-06-13 01:57:29', 4.17),
	('M118', 'Merchant 118', '2024-04-27', 0, 'Beginer Merchant', '2026-06-13 01:57:29', 4.18),
	('M119', 'Merchant 119', '2024-04-28', 1, 'Top Merchant', '2026-06-13 01:57:29', 4.19),
	('M120', 'Merchant 120', '2024-04-29', 0, 'Beginer Merchant', '2026-06-13 01:57:29', 4.20),
	('M121', 'Merchant 121', '2024-04-30', 1, 'Top Merchant', '2026-06-13 01:57:29', 4.21),
	('M122', 'Merchant 122', '2024-05-01', 0, 'Beginer Merchant', '2026-06-13 01:57:29', 4.22),
	('M123', 'Merchant 123', '2024-05-02', 1, 'Top Merchant', '2026-06-13 01:57:29', 4.23),
	('M124', 'Merchant 124', '2024-05-03', 0, 'Beginer Merchant', '2026-06-13 01:57:29', 4.24),
	('M125', 'Merchant 125', '2024-05-04', 1, 'Top Merchant', '2026-06-13 01:57:29', 4.25),
	('M126', 'Merchant 126', '2024-05-05', 0, 'Beginer Merchant', '2026-06-13 01:57:29', 4.26),
	('M127', 'Merchant 127', '2024-05-06', 1, 'Top Merchant', '2026-06-13 01:57:29', 4.27),
	('M128', 'Merchant 128', '2024-05-07', 0, 'Beginer Merchant', '2026-06-13 01:57:29', 4.28),
	('M129', 'Merchant 129', '2024-05-08', 1, 'Top Merchant', '2026-06-13 01:57:29', 4.29),
	('M130', 'Merchant 130', '2024-05-09', 0, 'Beginer Merchant', '2026-06-13 01:57:29', 4.30),
	('M131', 'Merchant 131', '2024-05-10', 1, 'Top Merchant', '2026-06-13 01:57:29', 4.31),
	('M132', 'Merchant 132', '2024-05-11', 0, 'Beginer Merchant', '2026-06-13 01:57:29', 4.32),
	('M133', 'Merchant 133', '2024-05-12', 1, 'Top Merchant', '2026-06-13 01:57:29', 4.33),
	('M134', 'Merchant 134', '2024-05-13', 0, 'Beginer Merchant', '2026-06-13 01:57:29', 4.34),
	('M135', 'Merchant 135', '2024-05-14', 1, 'Top Merchant', '2026-06-13 01:57:29', 4.35),
	('M136', 'Merchant 136', '2024-05-15', 0, 'Beginer Merchant', '2026-06-13 01:57:29', 4.36),
	('M137', 'Merchant 137', '2024-05-16', 1, 'Top Merchant', '2026-06-13 01:57:29', 4.37),
	('M138', 'Merchant 138', '2024-05-17', 0, 'Beginer Merchant', '2026-06-13 01:57:29', 4.38),
	('M139', 'Merchant 139', '2024-05-18', 1, 'Top Merchant', '2026-06-13 01:57:29', 4.39),
	('M140', 'Merchant 140', '2024-05-19', 0, 'Beginer Merchant', '2026-06-13 01:57:29', 4.40),
	('M141', 'Merchant 141', '2024-05-20', 1, 'Top Merchant', '2026-06-13 01:57:29', 4.41),
	('M142', 'Merchant 142', '2024-05-21', 0, 'Beginer Merchant', '2026-06-13 01:57:29', 4.42),
	('M143', 'Merchant 143', '2024-05-22', 1, 'Top Merchant', '2026-06-13 01:57:29', 4.43),
	('M144', 'Merchant 144', '2024-05-23', 0, 'Beginer Merchant', '2026-06-13 01:57:29', 4.44),
	('M145', 'Merchant 145', '2024-05-24', 1, 'Top Merchant', '2026-06-13 01:57:29', 4.45),
	('M146', 'Merchant 146', '2024-05-25', 0, 'Beginer Merchant', '2026-06-13 01:57:29', 4.46),
	('M147', 'Merchant 147', '2024-05-26', 1, 'Top Merchant', '2026-06-13 01:57:29', 4.47),
	('M148', 'Merchant 148', '2024-05-27', 0, 'Beginer Merchant', '2026-06-13 01:57:29', 4.48),
	('M149', 'Merchant 149', '2024-05-28', 1, 'Top Merchant', '2026-06-13 01:57:29', 4.49),
	('M150', 'Merchant 150', '2024-05-29', 0, 'Beginer Merchant', '2026-06-13 01:57:29', 4.50);

-- Dumping data for table kantinonline.payment: ~50 rows (approximately)
INSERT INTO `payment` (`id_payment`, `id_transaksi`, `jumlah_bayar`, `metode_pembayaran`, `saldo_kantin_terpakai`, `status_payment`) VALUES
	('PAY001', 'TR001', 25000, 'VA', 0, 'Transaksi Sukses'),
	('PAY002', 'TR002', 30000, 'E-wallet', 0, 'Transaksi Sukses'),
	('PAY003', 'TR003', 18000, 'Debit', 0, 'Transaksi Sukses'),
	('PAY004', 'TR004', 22000, 'Cash', 0, 'Transaksi Sukses'),
	('PAY005', 'TR005', 27000, 'SaldoKantin', 27000, 'Transaksi Sukses'),
	('PAY006', 'TR006', 15000, 'VA', 0, 'Transaksi Sukses'),
	('PAY007', 'TR007', 32000, 'E-wallet', 0, 'Transaksi Sukses'),
	('PAY008', 'TR008', 28000, 'Debit', 0, 'Transaksi Sukses'),
	('PAY009', 'TR009', 35000, 'Cash', 0, 'Transaksi Sukses'),
	('PAY010', 'TR010', 40000, 'SaldoKantin', 40000, 'Transaksi Sukses'),
	('PAY011', 'TR011', 22000, 'VA', 0, 'Transaksi Sukses'),
	('PAY012', 'TR012', 17000, 'E-wallet', 0, 'Transaksi Sukses'),
	('PAY013', 'TR013', 29000, 'Debit', 0, 'Transaksi Sukses'),
	('PAY014', 'TR014', 33000, 'Cash', 0, 'Transaksi Sukses'),
	('PAY015', 'TR015', 26000, 'SaldoKantin', 26000, 'Transaksi Sukses'),
	('PAY016', 'TR016', 31000, 'VA', 0, 'Transaksi Sukses'),
	('PAY017', 'TR017', 24000, 'E-wallet', 0, 'Transaksi Sukses'),
	('PAY018', 'TR018', 19000, 'Debit', 0, 'Transaksi Sukses'),
	('PAY019', 'TR019', 45000, 'Cash', 0, 'Transaksi Sukses'),
	('PAY020', 'TR020', 28000, 'SaldoKantin', 28000, 'Transaksi Sukses'),
	('PAY021', 'TR021', 16000, 'VA', 0, 'Transaksi Sukses'),
	('PAY022', 'TR022', 34000, 'E-wallet', 0, 'Transaksi Sukses'),
	('PAY023', 'TR023', 21000, 'Debit', 0, 'Transaksi Sukses'),
	('PAY024', 'TR024', 38000, 'Cash', 0, 'Transaksi Sukses'),
	('PAY025', 'TR025', 27000, 'SaldoKantin', 27000, 'Transaksi Sukses'),
	('PAY026', 'TR026', 32000, 'VA', 0, 'Transaksi Sukses'),
	('PAY027', 'TR027', 18000, 'E-wallet', 0, 'Transaksi Sukses'),
	('PAY028', 'TR028', 36000, 'Debit', 0, 'Transaksi Sukses'),
	('PAY029', 'TR029', 23000, 'Cash', 0, 'Transaksi Sukses'),
	('PAY030', 'TR030', 41000, 'SaldoKantin', 41000, 'Transaksi Sukses'),
	('PAY031', 'TR031', 29000, 'VA', 0, 'Transaksi Sukses'),
	('PAY032', 'TR032', 25000, 'E-wallet', 0, 'Transaksi Sukses'),
	('PAY033', 'TR033', 37000, 'Debit', 0, 'Transaksi Sukses'),
	('PAY034', 'TR034', 22000, 'Cash', 0, 'Transaksi Sukses'),
	('PAY035', 'TR035', 43000, 'SaldoKantin', 43000, 'Transaksi Sukses'),
	('PAY036', 'TR036', 20000, 'VA', 0, 'Transaksi Sukses'),
	('PAY037', 'TR037', 35000, 'E-wallet', 0, 'Transaksi Sukses'),
	('PAY038', 'TR038', 26000, 'Debit', 0, 'Transaksi Sukses'),
	('PAY039', 'TR039', 31000, 'Cash', 0, 'Transaksi Sukses'),
	('PAY040', 'TR040', 47000, 'SaldoKantin', 47000, 'Transaksi Sukses'),
	('PAY041', 'TR041', 24000, 'VA', 0, 'Transaksi Sukses'),
	('PAY042', 'TR042', 39000, 'E-wallet', 0, 'Transaksi Sukses'),
	('PAY043', 'TR043', 28000, 'Debit', 0, 'Transaksi Sukses'),
	('PAY044', 'TR044', 17000, 'Cash', 0, 'Transaksi Sukses'),
	('PAY045', 'TR045', 33000, 'SaldoKantin', 33000, 'Transaksi Sukses'),
	('PAY046', 'TR046', 21000, 'VA', 0, 'Transaksi Sukses'),
	('PAY047', 'TR047', 45000, 'E-wallet', 0, 'Transaksi Sukses'),
	('PAY048', 'TR048', 30000, 'Debit', 0, 'Transaksi Sukses'),
	('PAY049', 'TR049', 26000, 'Cash', 0, 'Transaksi Sukses'),
	('PAY050', 'TR050', 38000, 'SaldoKantin', 38000, 'Transaksi Sukses');

-- Dumping data for table kantinonline.preorder: ~50 rows (approximately)
INSERT INTO `preorder` (`id_PO`, `id_transaksi`, `waktu_ambil`) VALUES
	('PO001', 'TR001', '2025-01-01 12:00:00'),
	('PO002', 'TR002', '2025-01-01 12:05:00'),
	('PO003', 'TR003', '2025-01-01 12:10:00'),
	('PO004', 'TR004', '2025-01-01 12:15:00'),
	('PO005', 'TR005', '2025-01-01 12:20:00'),
	('PO006', 'TR006', '2025-01-01 12:25:00'),
	('PO007', 'TR007', '2025-01-01 12:30:00'),
	('PO008', 'TR008', '2025-01-01 12:35:00'),
	('PO009', 'TR009', '2025-01-01 12:40:00'),
	('PO010', 'TR010', '2025-01-01 12:45:00'),
	('PO011', 'TR011', '2025-01-01 12:50:00'),
	('PO012', 'TR012', '2025-01-01 12:55:00'),
	('PO013', 'TR013', '2025-01-01 13:00:00'),
	('PO014', 'TR014', '2025-01-01 13:05:00'),
	('PO015', 'TR015', '2025-01-01 13:10:00'),
	('PO016', 'TR016', '2025-01-01 13:15:00'),
	('PO017', 'TR017', '2025-01-01 13:20:00'),
	('PO018', 'TR018', '2025-01-01 13:25:00'),
	('PO019', 'TR019', '2025-01-01 13:30:00'),
	('PO020', 'TR020', '2025-01-01 13:35:00'),
	('PO021', 'TR021', '2025-01-01 13:40:00'),
	('PO022', 'TR022', '2025-01-01 13:45:00'),
	('PO023', 'TR023', '2025-01-01 13:50:00'),
	('PO024', 'TR024', '2025-01-01 13:55:00'),
	('PO025', 'TR025', '2025-01-01 14:00:00'),
	('PO026', 'TR026', '2025-01-01 14:05:00'),
	('PO027', 'TR027', '2025-01-01 14:10:00'),
	('PO028', 'TR028', '2025-01-01 14:15:00'),
	('PO029', 'TR029', '2025-01-01 14:20:00'),
	('PO030', 'TR030', '2025-01-01 14:25:00'),
	('PO031', 'TR031', '2025-01-01 14:30:00'),
	('PO032', 'TR032', '2025-01-01 14:35:00'),
	('PO033', 'TR033', '2025-01-01 14:40:00'),
	('PO034', 'TR034', '2025-01-01 14:45:00'),
	('PO035', 'TR035', '2025-01-01 14:50:00'),
	('PO036', 'TR036', '2025-01-01 14:55:00'),
	('PO037', 'TR037', '2025-01-01 15:00:00'),
	('PO038', 'TR038', '2025-01-01 15:05:00'),
	('PO039', 'TR039', '2025-01-01 15:10:00'),
	('PO040', 'TR040', '2025-01-01 15:15:00'),
	('PO041', 'TR041', '2025-01-01 15:20:00'),
	('PO042', 'TR042', '2025-01-01 15:25:00'),
	('PO043', 'TR043', '2025-01-01 15:30:00'),
	('PO044', 'TR044', '2025-01-01 15:35:00'),
	('PO045', 'TR045', '2025-01-01 15:40:00'),
	('PO046', 'TR046', '2025-01-01 15:45:00'),
	('PO047', 'TR047', '2025-01-01 15:50:00'),
	('PO048', 'TR048', '2025-01-01 15:55:00'),
	('PO049', 'TR049', '2025-01-01 16:00:00'),
	('PO050', 'TR050', '2025-01-01 16:05:00');

-- Dumping data for table kantinonline.promo: ~50 rows (approximately)
INSERT INTO `promo` (`id_promo`, `id_merchant`, `nama_promo`, `kode_promo`, `min_pembelian`, `kuota_per_user`, `nominal_potongan`, `tgl_mulai_jam_mulai`, `tgl_selesai_jam_selesai`) VALUES
	('PR001', 'M001', 'Diskon Awal Tahun 1', 'DISC01', 20000, 1, 5000, '2025-01-01 00:00:00', '2025-01-31 23:59:59'),
	('PR002', 'M002', 'Diskon Awal Tahun 2', 'DISC02', 25000, 1, 7000, '2025-01-01 00:00:00', '2025-01-31 23:59:59'),
	('PR003', 'M003', 'Promo Hemat 3', 'HEM03', 30000, 2, 10000, '2025-01-01 00:00:00', '2025-01-31 23:59:59'),
	('PR004', 'M004', 'Promo Hemat 4', 'HEM04', 25000, 1, 5000, '2025-01-01 00:00:00', '2025-01-31 23:59:59'),
	('PR005', 'M005', 'Promo Hemat 5', 'HEM05', 20000, 2, 8000, '2025-01-01 00:00:00', '2025-01-31 23:59:59'),
	('PR006', 'M006', 'Promo Hemat 6', 'HEM06', 30000, 1, 10000, '2025-01-01 00:00:00', '2025-01-31 23:59:59'),
	('PR007', 'M007', 'Promo Hemat 7', 'HEM07', 25000, 2, 7000, '2025-01-01 00:00:00', '2025-01-31 23:59:59'),
	('PR008', 'M008', 'Promo Hemat 8', 'HEM08', 20000, 1, 5000, '2025-01-01 00:00:00', '2025-01-31 23:59:59'),
	('PR009', 'M009', 'Promo Hemat 9', 'HEM09', 35000, 1, 12000, '2025-01-01 00:00:00', '2025-01-31 23:59:59'),
	('PR010', 'M010', 'Promo Hemat 10', 'HEM10', 25000, 2, 7000, '2025-01-01 00:00:00', '2025-01-31 23:59:59'),
	('PR011', 'M011', 'Promo Hemat 11', 'HEM11', 20000, 1, 5000, '2025-01-01 00:00:00', '2025-01-31 23:59:59'),
	('PR012', 'M012', 'Promo Hemat 12', 'HEM12', 25000, 2, 7000, '2025-01-01 00:00:00', '2025-01-31 23:59:59'),
	('PR013', 'M013', 'Promo Hemat 13', 'HEM13', 30000, 1, 10000, '2025-01-01 00:00:00', '2025-01-31 23:59:59'),
	('PR014', 'M014', 'Promo Hemat 14', 'HEM14', 25000, 1, 5000, '2025-01-01 00:00:00', '2025-01-31 23:59:59'),
	('PR015', 'M015', 'Promo Hemat 15', 'HEM15', 20000, 2, 8000, '2025-01-01 00:00:00', '2025-01-31 23:59:59'),
	('PR016', 'M016', 'Promo Hemat 16', 'HEM16', 30000, 1, 10000, '2025-01-01 00:00:00', '2025-01-31 23:59:59'),
	('PR017', 'M017', 'Promo Hemat 17', 'HEM17', 25000, 2, 7000, '2025-01-01 00:00:00', '2025-01-31 23:59:59'),
	('PR018', 'M018', 'Promo Hemat 18', 'HEM18', 20000, 1, 5000, '2025-01-01 00:00:00', '2025-01-31 23:59:59'),
	('PR019', 'M019', 'Promo Hemat 19', 'HEM19', 35000, 1, 12000, '2025-01-01 00:00:00', '2025-01-31 23:59:59'),
	('PR020', 'M020', 'Promo Hemat 20', 'HEM20', 25000, 2, 7000, '2025-01-01 00:00:00', '2025-01-31 23:59:59'),
	('PR021', 'M021', 'Promo Hemat 21', 'HEM21', 20000, 1, 5000, '2025-01-01 00:00:00', '2025-01-31 23:59:59'),
	('PR022', 'M022', 'Promo Hemat 22', 'HEM22', 25000, 2, 7000, '2025-01-01 00:00:00', '2025-01-31 23:59:59'),
	('PR023', 'M023', 'Promo Hemat 23', 'HEM23', 30000, 1, 10000, '2025-01-01 00:00:00', '2025-01-31 23:59:59'),
	('PR024', 'M024', 'Promo Hemat 24', 'HEM24', 25000, 1, 5000, '2025-01-01 00:00:00', '2025-01-31 23:59:59'),
	('PR025', 'M025', 'Promo Hemat 25', 'HEM25', 20000, 2, 8000, '2025-01-01 00:00:00', '2025-01-31 23:59:59'),
	('PR026', 'M026', 'Promo Hemat 26', 'HEM26', 30000, 1, 10000, '2025-01-01 00:00:00', '2025-01-31 23:59:59'),
	('PR027', 'M027', 'Promo Hemat 27', 'HEM27', 25000, 2, 7000, '2025-01-01 00:00:00', '2025-01-31 23:59:59'),
	('PR028', 'M028', 'Promo Hemat 28', 'HEM28', 20000, 1, 5000, '2025-01-01 00:00:00', '2025-01-31 23:59:59'),
	('PR029', 'M029', 'Promo Hemat 29', 'HEM29', 35000, 1, 12000, '2025-01-01 00:00:00', '2025-01-31 23:59:59'),
	('PR030', 'M030', 'Promo Hemat 30', 'HEM30', 25000, 2, 7000, '2025-01-01 00:00:00', '2025-01-31 23:59:59'),
	('PR031', 'M031', 'Promo Hemat 31', 'HEM31', 20000, 1, 5000, '2025-01-01 00:00:00', '2025-01-31 23:59:59'),
	('PR032', 'M032', 'Promo Hemat 32', 'HEM32', 25000, 2, 7000, '2025-01-01 00:00:00', '2025-01-31 23:59:59'),
	('PR033', 'M033', 'Promo Hemat 33', 'HEM33', 30000, 1, 10000, '2025-01-01 00:00:00', '2025-01-31 23:59:59'),
	('PR034', 'M034', 'Promo Hemat 34', 'HEM34', 25000, 1, 5000, '2025-01-01 00:00:00', '2025-01-31 23:59:59'),
	('PR035', 'M035', 'Promo Hemat 35', 'HEM35', 20000, 2, 8000, '2025-01-01 00:00:00', '2025-01-31 23:59:59'),
	('PR036', 'M036', 'Promo Hemat 36', 'HEM36', 30000, 1, 10000, '2025-01-01 00:00:00', '2025-01-31 23:59:59'),
	('PR037', 'M037', 'Promo Hemat 37', 'HEM37', 25000, 2, 7000, '2025-01-01 00:00:00', '2025-01-31 23:59:59'),
	('PR038', 'M038', 'Promo Hemat 38', 'HEM38', 20000, 1, 5000, '2025-01-01 00:00:00', '2025-01-31 23:59:59'),
	('PR039', 'M039', 'Promo Hemat 39', 'HEM39', 35000, 1, 12000, '2025-01-01 00:00:00', '2025-01-31 23:59:59'),
	('PR040', 'M040', 'Promo Hemat 40', 'HEM40', 25000, 2, 7000, '2025-01-01 00:00:00', '2025-01-31 23:59:59'),
	('PR041', 'M041', 'Promo Hemat 41', 'HEM41', 20000, 1, 5000, '2025-01-01 00:00:00', '2025-01-31 23:59:59'),
	('PR042', 'M042', 'Promo Hemat 42', 'HEM42', 25000, 2, 7000, '2025-01-01 00:00:00', '2025-01-31 23:59:59'),
	('PR043', 'M043', 'Promo Hemat 43', 'HEM43', 30000, 1, 10000, '2025-01-01 00:00:00', '2025-01-31 23:59:59'),
	('PR044', 'M044', 'Promo Hemat 44', 'HEM44', 25000, 1, 5000, '2025-01-01 00:00:00', '2025-01-31 23:59:59'),
	('PR045', 'M045', 'Promo Hemat 45', 'HEM45', 20000, 2, 8000, '2025-01-01 00:00:00', '2025-01-31 23:59:59'),
	('PR046', 'M046', 'Promo Hemat 46', 'HEM46', 30000, 1, 10000, '2025-01-01 00:00:00', '2025-01-31 23:59:59'),
	('PR047', 'M047', 'Promo Hemat 47', 'HEM47', 25000, 2, 7000, '2025-01-01 00:00:00', '2025-01-31 23:59:59'),
	('PR048', 'M048', 'Promo Hemat 48', 'HEM48', 20000, 1, 5000, '2025-01-01 00:00:00', '2025-01-31 23:59:59'),
	('PR049', 'M049', 'Promo Hemat 49', 'HEM49', 35000, 1, 12000, '2025-01-01 00:00:00', '2025-01-31 23:59:59'),
	('PR050', 'M050', 'Promo Hemat 50', 'HEM50', 25000, 2, 7000, '2025-01-01 00:00:00', '2025-01-31 23:59:59');

-- Dumping data for table kantinonline.review: ~50 rows (approximately)
INSERT INTO `review` (`id_review`, `id_user`, `id_merchant`, `ulasan`, `rating_bintang`) VALUES
	('RV001', 'U001', 'M001', 'Makanan enak dan pelayanan cepat', '5'),
	('RV002', 'U002', 'M002', 'Harga terjangkau', '4'),
	('RV003', 'U003', 'M003', 'Porsi cukup banyak', '4'),
	('RV004', 'U004', 'M004', 'Pelayanan ramah', '5'),
	('RV005', 'U005', 'M005', 'Rasa standar', '3'),
	('RV006', 'U006', 'M006', 'Sangat memuaskan', '5'),
	('RV007', 'U007', 'M007', 'Pengiriman cepat', '4'),
	('RV008', 'U008', 'M008', 'Kurang sesuai ekspektasi', '2'),
	('RV009', 'U009', 'M009', 'Menu bervariasi', '5'),
	('RV010', 'U010', 'M010', 'Makanan masih hangat', '4'),
	('RV011', 'U011', 'M011', 'Tempat bersih', '4'),
	('RV012', 'U012', 'M012', 'Harga agak mahal', '3'),
	('RV013', 'U013', 'M013', 'Pelayanan baik', '5'),
	('RV014', 'U014', 'M014', 'Makanan lezat', '5'),
	('RV015', 'U015', 'M015', 'Porsi kecil', '2'),
	('RV016', 'U016', 'M016', 'Cukup memuaskan', '4'),
	('RV017', 'U017', 'M017', 'Pengemasan rapi', '5'),
	('RV018', 'U018', 'M018', 'Kurang cepat', '3'),
	('RV019', 'U019', 'M019', 'Mantap', '5'),
	('RV020', 'U020', 'M020', 'Lumayan enak', '4'),
	('RV021', 'U021', 'M021', 'Pelayanan cepat', '5'),
	('RV022', 'U022', 'M022', 'Makanan biasa saja', '3'),
	('RV023', 'U023', 'M023', 'Sangat enak', '5'),
	('RV024', 'U024', 'M024', 'Harga cocok mahasiswa', '4'),
	('RV025', 'U025', 'M025', 'Kurang higienis', '2'),
	('RV026', 'U026', 'M026', 'Rasa enak', '5'),
	('RV027', 'U027', 'M027', 'Porsi besar', '5'),
	('RV028', 'U028', 'M028', 'Lumayan', '4'),
	('RV029', 'U029', 'M029', 'Pelayanan lambat', '2'),
	('RV030', 'U030', 'M030', 'Recommended', '5'),
	('RV031', 'U031', 'M031', 'Makanan segar', '5'),
	('RV032', 'U032', 'M032', 'Biasa saja', '3'),
	('RV033', 'U033', 'M033', 'Tempat nyaman', '4'),
	('RV034', 'U034', 'M034', 'Harga murah', '5'),
	('RV035', 'U035', 'M035', 'Kurang rasa', '2'),
	('RV036', 'U036', 'M036', 'Enak dan cepat', '5'),
	('RV037', 'U037', 'M037', 'Cukup baik', '4'),
	('RV038', 'U038', 'M038', 'Sangat puas', '5'),
	('RV039', 'U039', 'M039', 'Kurang memuaskan', '2'),
	('RV040', 'U040', 'M040', 'Makanan lezat', '5'),
	('RV041', 'U041', 'M041', 'Porsi pas', '4'),
	('RV042', 'U042', 'M042', 'Pelayanan bagus', '5'),
	('RV043', 'U043', 'M043', 'Rasa mantap', '5'),
	('RV044', 'U044', 'M044', 'Biasa saja', '3'),
	('RV045', 'U045', 'M045', 'Harga ekonomis', '4'),
	('RV046', 'U046', 'M046', 'Kurang cepat', '3'),
	('RV047', 'U047', 'M047', 'Mantul', '5'),
	('RV048', 'U048', 'M048', 'Cukup enak', '4'),
	('RV049', 'U049', 'M049', 'Tidak sesuai pesanan', '1'),
	('RV050', 'U050', 'M050', 'Sangat direkomendasikan', '5');

-- Dumping data for table kantinonline.top_up: ~0 rows (approximately)

-- Dumping data for table kantinonline.transaksi: ~50 rows (approximately)
INSERT INTO `transaksi` (`id_transaksi`, `id_user`, `id_lokasi`, `no_antiran`, `status_pesanan`, `metode_pengambilan`, `sub_total`, `biaya`, `total_akhir`, `total_poin_didapat`, `total_chasback_diterima`, `waktu_pesan`) VALUES
	('TR001', 'U001', 'L001', 'A001', 'Selesai', 'Dine In', 25000, 0, 25000, 25, 0, '2025-01-01 01:00:00'),
	('TR002', 'U002', 'L002', 'A002', 'Selesai', 'Take Away', 30000, 0, 30000, 30, 0, '2025-01-01 01:05:00'),
	('TR003', 'U003', 'L003', 'A003', 'Diproses', 'Dine In', 18000, 0, 18000, 18, 0, '2025-01-01 01:10:00'),
	('TR004', 'U004', 'L004', 'A004', 'Selesai', 'Take Away', 22000, 0, 22000, 22, 0, '2025-01-01 01:15:00'),
	('TR005', 'U005', 'L005', 'A005', 'Siap Diambil', 'Ambil Di Kasir', 27000, 0, 27000, 27, 0, '2025-01-01 01:20:00'),
	('TR006', 'U006', 'L001', 'A006', 'Selesai', 'Dine In', 15000, 0, 15000, 15, 0, '2025-01-01 01:25:00'),
	('TR007', 'U007', 'L002', 'A007', 'Diproses', 'Take Away', 32000, 0, 32000, 32, 0, '2025-01-01 01:30:00'),
	('TR008', 'U008', 'L003', 'A008', 'Selesai', 'Dine In', 28000, 0, 28000, 28, 0, '2025-01-01 01:35:00'),
	('TR009', 'U009', 'L004', 'A009', 'Selesai', 'Take Away', 35000, 0, 35000, 35, 0, '2025-01-01 01:40:00'),
	('TR010', 'U010', 'L005', 'A010', 'Selesai', 'Ambil Di Lokasi', 40000, 0, 40000, 40, 0, '2025-01-01 01:45:00'),
	('TR011', 'U011', 'L001', 'A011', 'Diproses', 'Dine In', 22000, 0, 22000, 22, 0, '2025-01-01 01:50:00'),
	('TR012', 'U012', 'L002', 'A012', 'Selesai', 'Take Away', 17000, 0, 17000, 17, 0, '2025-01-01 01:55:00'),
	('TR013', 'U013', 'L003', 'A013', 'Selesai', 'Dine In', 29000, 0, 29000, 29, 0, '2025-01-01 02:00:00'),
	('TR014', 'U014', 'L004', 'A014', 'Siap Diambil', 'Ambil Di Kasir', 33000, 0, 33000, 33, 0, '2025-01-01 02:05:00'),
	('TR015', 'U015', 'L005', 'A015', 'Selesai', 'Take Away', 26000, 0, 26000, 26, 0, '2025-01-01 02:10:00'),
	('TR016', 'U016', 'L001', 'A016', 'Diproses', 'Dine In', 31000, 0, 31000, 31, 0, '2025-01-01 02:15:00'),
	('TR017', 'U017', 'L002', 'A017', 'Selesai', 'Take Away', 24000, 0, 24000, 24, 0, '2025-01-01 02:20:00'),
	('TR018', 'U018', 'L003', 'A018', 'Selesai', 'Dine In', 19000, 0, 19000, 19, 0, '2025-01-01 02:25:00'),
	('TR019', 'U019', 'L004', 'A019', 'Selesai', 'Ambil Di Lokasi', 45000, 0, 45000, 45, 0, '2025-01-01 02:30:00'),
	('TR020', 'U020', 'L005', 'A020', 'Diproses', 'Take Away', 28000, 0, 28000, 28, 0, '2025-01-01 02:35:00'),
	('TR021', 'U021', 'L001', 'A021', 'Selesai', 'Dine In', 16000, 0, 16000, 16, 0, '2025-01-01 02:40:00'),
	('TR022', 'U022', 'L002', 'A022', 'Selesai', 'Take Away', 34000, 0, 34000, 34, 0, '2025-01-01 02:45:00'),
	('TR023', 'U023', 'L003', 'A023', 'Siap Diambil', 'Ambil Di Kasir', 21000, 0, 21000, 21, 0, '2025-01-01 02:50:00'),
	('TR024', 'U024', 'L004', 'A024', 'Selesai', 'Dine In', 38000, 0, 38000, 38, 0, '2025-01-01 02:55:00'),
	('TR025', 'U025', 'L005', 'A025', 'Diproses', 'Take Away', 27000, 0, 27000, 27, 0, '2025-01-01 03:00:00'),
	('TR026', 'U026', 'L001', 'A026', 'Selesai', 'Dine In', 32000, 0, 32000, 32, 0, '2025-01-01 03:05:00'),
	('TR027', 'U027', 'L002', 'A027', 'Selesai', 'Take Away', 18000, 0, 18000, 18, 0, '2025-01-01 03:10:00'),
	('TR028', 'U028', 'L003', 'A028', 'Diproses', 'Ambil Di Lokasi', 36000, 0, 36000, 36, 0, '2025-01-01 03:15:00'),
	('TR029', 'U029', 'L004', 'A029', 'Selesai', 'Dine In', 23000, 0, 23000, 23, 0, '2025-01-01 03:20:00'),
	('TR030', 'U030', 'L005', 'A030', 'Selesai', 'Take Away', 41000, 0, 41000, 41, 0, '2025-01-01 03:25:00'),
	('TR031', 'U031', 'L001', 'A031', 'Diproses', 'Dine In', 29000, 0, 29000, 29, 0, '2025-01-01 03:30:00'),
	('TR032', 'U032', 'L002', 'A032', 'Selesai', 'Take Away', 25000, 0, 25000, 25, 0, '2025-01-01 03:35:00'),
	('TR033', 'U033', 'L003', 'A033', 'Selesai', 'Dine In', 37000, 0, 37000, 37, 0, '2025-01-01 03:40:00'),
	('TR034', 'U034', 'L004', 'A034', 'Siap Diambil', 'Ambil Di Kasir', 22000, 0, 22000, 22, 0, '2025-01-01 03:45:00'),
	('TR035', 'U035', 'L005', 'A035', 'Selesai', 'Take Away', 43000, 0, 43000, 43, 0, '2025-01-01 03:50:00'),
	('TR036', 'U036', 'L001', 'A036', 'Diproses', 'Dine In', 20000, 0, 20000, 20, 0, '2025-01-01 03:55:00'),
	('TR037', 'U037', 'L002', 'A037', 'Selesai', 'Take Away', 35000, 0, 35000, 35, 0, '2025-01-01 04:00:00'),
	('TR038', 'U038', 'L003', 'A038', 'Selesai', 'Dine In', 26000, 0, 26000, 26, 0, '2025-01-01 04:05:00'),
	('TR039', 'U039', 'L004', 'A039', 'Diproses', 'Take Away', 31000, 0, 31000, 31, 0, '2025-01-01 04:10:00'),
	('TR040', 'U040', 'L005', 'A040', 'Selesai', 'Ambil Di Lokasi', 47000, 0, 47000, 47, 0, '2025-01-01 04:15:00'),
	('TR041', 'U041', 'L001', 'A041', 'Selesai', 'Dine In', 24000, 0, 24000, 24, 0, '2025-01-01 04:20:00'),
	('TR042', 'U042', 'L002', 'A042', 'Diproses', 'Take Away', 39000, 0, 39000, 39, 0, '2025-01-01 04:25:00'),
	('TR043', 'U043', 'L003', 'A043', 'Selesai', 'Dine In', 28000, 0, 28000, 28, 0, '2025-01-01 04:30:00'),
	('TR044', 'U044', 'L004', 'A044', 'Selesai', 'Take Away', 17000, 0, 17000, 17, 0, '2025-01-01 04:35:00'),
	('TR045', 'U045', 'L005', 'A045', 'Siap Diambil', 'Ambil Di Kasir', 33000, 0, 33000, 33, 0, '2025-01-01 04:40:00'),
	('TR046', 'U046', 'L001', 'A046', 'Selesai', 'Dine In', 21000, 0, 21000, 21, 0, '2025-01-01 04:45:00'),
	('TR047', 'U047', 'L002', 'A047', 'Diproses', 'Take Away', 45000, 0, 45000, 45, 0, '2025-01-01 04:50:00'),
	('TR048', 'U048', 'L003', 'A048', 'Selesai', 'Dine In', 30000, 0, 30000, 30, 0, '2025-01-01 04:55:00'),
	('TR049', 'U049', 'L004', 'A049', 'Selesai', 'Take Away', 26000, 0, 26000, 26, 0, '2025-01-01 05:00:00'),
	('TR050', 'U050', 'L005', 'A050', 'Diproses', 'Ambil Di Lokasi', 38000, 0, 38000, 38, 0, '2025-01-01 05:05:00');

-- Dumping data for table kantinonline.transaksi_promo: ~50 rows (approximately)
INSERT INTO `transaksi_promo` (`id_transaksi_promo`, `id_transaksi`, `id_promo`, `nominal_potongan`, `point_yang_ditukar`) VALUES
	('TP001', 'TR001', 'PR001', 5000, 0),
	('TP002', 'TR002', 'PR002', 7000, 10),
	('TP003', 'TR003', 'PR003', 10000, 20),
	('TP004', 'TR004', 'PR004', 5000, 0),
	('TP005', 'TR005', 'PR005', 8000, 15),
	('TP006', 'TR006', 'PR006', 10000, 25),
	('TP007', 'TR007', 'PR007', 7000, 10),
	('TP008', 'TR008', 'PR008', 5000, 0),
	('TP009', 'TR009', 'PR009', 12000, 30),
	('TP010', 'TR010', 'PR010', 7000, 10),
	('TP011', 'TR011', 'PR011', 5000, 0),
	('TP012', 'TR012', 'PR012', 7000, 10),
	('TP013', 'TR013', 'PR013', 10000, 20),
	('TP014', 'TR014', 'PR014', 5000, 0),
	('TP015', 'TR015', 'PR015', 8000, 15),
	('TP016', 'TR016', 'PR016', 10000, 25),
	('TP017', 'TR017', 'PR017', 7000, 10),
	('TP018', 'TR018', 'PR018', 5000, 0),
	('TP019', 'TR019', 'PR019', 12000, 30),
	('TP020', 'TR020', 'PR020', 7000, 10),
	('TP021', 'TR021', 'PR021', 5000, 0),
	('TP022', 'TR022', 'PR022', 7000, 10),
	('TP023', 'TR023', 'PR023', 10000, 20),
	('TP024', 'TR024', 'PR024', 5000, 0),
	('TP025', 'TR025', 'PR025', 8000, 15),
	('TP026', 'TR026', 'PR026', 10000, 25),
	('TP027', 'TR027', 'PR027', 7000, 10),
	('TP028', 'TR028', 'PR028', 5000, 0),
	('TP029', 'TR029', 'PR029', 12000, 30),
	('TP030', 'TR030', 'PR030', 7000, 10),
	('TP031', 'TR031', 'PR031', 5000, 0),
	('TP032', 'TR032', 'PR032', 7000, 10),
	('TP033', 'TR033', 'PR033', 10000, 20),
	('TP034', 'TR034', 'PR034', 5000, 0),
	('TP035', 'TR035', 'PR035', 8000, 15),
	('TP036', 'TR036', 'PR036', 10000, 25),
	('TP037', 'TR037', 'PR037', 7000, 10),
	('TP038', 'TR038', 'PR038', 5000, 0),
	('TP039', 'TR039', 'PR039', 12000, 30),
	('TP040', 'TR040', 'PR040', 7000, 10),
	('TP041', 'TR041', 'PR041', 5000, 0),
	('TP042', 'TR042', 'PR042', 7000, 10),
	('TP043', 'TR043', 'PR043', 10000, 20),
	('TP044', 'TR044', 'PR044', 5000, 0),
	('TP045', 'TR045', 'PR045', 8000, 15),
	('TP046', 'TR046', 'PR046', 10000, 25),
	('TP047', 'TR047', 'PR047', 7000, 10),
	('TP048', 'TR048', 'PR048', 5000, 0),
	('TP049', 'TR049', 'PR049', 12000, 30),
	('TP050', 'TR050', 'PR050', 7000, 10);

-- Dumping data for table kantinonline.user: ~150 rows (approximately)
INSERT INTO `user` (`id_user`, `nama`, `email`, `verifikasi`, `saldo_kantin`, `rewards_point`) VALUES
	('U001', 'User 1', 'user1@gmail.com', 1, 51000.00, 10),
	('U002', 'User 2', 'user2@gmail.com', 1, 52000.00, 20),
	('U003', 'User 3', 'user3@gmail.com', 1, 53000.00, 30),
	('U004', 'User 4', 'user4@gmail.com', 1, 54000.00, 40),
	('U005', 'User 5', 'user5@gmail.com', 1, 55000.00, 50),
	('U006', 'User 6', 'user6@gmail.com', 1, 56000.00, 60),
	('U007', 'User 7', 'user7@gmail.com', 1, 57000.00, 70),
	('U008', 'User 8', 'user8@gmail.com', 1, 58000.00, 80),
	('U009', 'User 9', 'user9@gmail.com', 1, 59000.00, 90),
	('U010', 'User 10', 'user10@gmail.com', 1, 60000.00, 100),
	('U011', 'User 11', 'user11@gmail.com', 1, 61000.00, 110),
	('U012', 'User 12', 'user12@gmail.com', 1, 62000.00, 120),
	('U013', 'User 13', 'user13@gmail.com', 1, 63000.00, 130),
	('U014', 'User 14', 'user14@gmail.com', 1, 64000.00, 140),
	('U015', 'User 15', 'user15@gmail.com', 1, 65000.00, 150),
	('U016', 'User 16', 'user16@gmail.com', 1, 66000.00, 160),
	('U017', 'User 17', 'user17@gmail.com', 1, 67000.00, 170),
	('U018', 'User 18', 'user18@gmail.com', 1, 68000.00, 180),
	('U019', 'User 19', 'user19@gmail.com', 1, 69000.00, 190),
	('U020', 'User 20', 'user20@gmail.com', 1, 70000.00, 200),
	('U021', 'User 21', 'user21@gmail.com', 1, 71000.00, 210),
	('U022', 'User 22', 'user22@gmail.com', 1, 72000.00, 220),
	('U023', 'User 23', 'user23@gmail.com', 1, 73000.00, 230),
	('U024', 'User 24', 'user24@gmail.com', 1, 74000.00, 240),
	('U025', 'User 25', 'user25@gmail.com', 1, 75000.00, 250),
	('U026', 'User 26', 'user26@gmail.com', 1, 76000.00, 260),
	('U027', 'User 27', 'user27@gmail.com', 1, 77000.00, 270),
	('U028', 'User 28', 'user28@gmail.com', 1, 78000.00, 280),
	('U029', 'User 29', 'user29@gmail.com', 1, 79000.00, 290),
	('U030', 'User 30', 'user30@gmail.com', 1, 80000.00, 300),
	('U031', 'User 31', 'user31@gmail.com', 1, 81000.00, 310),
	('U032', 'User 32', 'user32@gmail.com', 1, 82000.00, 320),
	('U033', 'User 33', 'user33@gmail.com', 1, 83000.00, 330),
	('U034', 'User 34', 'user34@gmail.com', 1, 84000.00, 340),
	('U035', 'User 35', 'user35@gmail.com', 1, 85000.00, 350),
	('U036', 'User 36', 'user36@gmail.com', 1, 86000.00, 360),
	('U037', 'User 37', 'user37@gmail.com', 1, 87000.00, 370),
	('U038', 'User 38', 'user38@gmail.com', 1, 88000.00, 380),
	('U039', 'User 39', 'user39@gmail.com', 1, 89000.00, 390),
	('U040', 'User 40', 'user40@gmail.com', 1, 90000.00, 400),
	('U041', 'User 41', 'user41@gmail.com', 1, 91000.00, 410),
	('U042', 'User 42', 'user42@gmail.com', 1, 92000.00, 420),
	('U043', 'User 43', 'user43@gmail.com', 1, 93000.00, 430),
	('U044', 'User 44', 'user44@gmail.com', 1, 94000.00, 440),
	('U045', 'User 45', 'user45@gmail.com', 1, 95000.00, 450),
	('U046', 'User 46', 'user46@gmail.com', 1, 96000.00, 460),
	('U047', 'User 47', 'user47@gmail.com', 1, 97000.00, 470),
	('U048', 'User 48', 'user48@gmail.com', 1, 98000.00, 480),
	('U049', 'User 49', 'user49@gmail.com', 1, 99000.00, 490),
	('U050', 'User 50', 'user50@gmail.com', 1, 100000.00, 500),
	('U051', 'User 51', 'user51@gmail.com', 1, 101000.00, 510),
	('U052', 'User 52', 'user52@gmail.com', 1, 102000.00, 520),
	('U053', 'User 53', 'user53@gmail.com', 1, 103000.00, 530),
	('U054', 'User 54', 'user54@gmail.com', 1, 104000.00, 540),
	('U055', 'User 55', 'user55@gmail.com', 1, 105000.00, 550),
	('U056', 'User 56', 'user56@gmail.com', 1, 106000.00, 560),
	('U057', 'User 57', 'user57@gmail.com', 1, 107000.00, 570),
	('U058', 'User 58', 'user58@gmail.com', 1, 108000.00, 580),
	('U059', 'User 59', 'user59@gmail.com', 1, 109000.00, 590),
	('U060', 'User 60', 'user60@gmail.com', 1, 110000.00, 600),
	('U061', 'User 61', 'user61@gmail.com', 1, 111000.00, 610),
	('U062', 'User 62', 'user62@gmail.com', 1, 112000.00, 620),
	('U063', 'User 63', 'user63@gmail.com', 1, 113000.00, 630),
	('U064', 'User 64', 'user64@gmail.com', 1, 114000.00, 640),
	('U065', 'User 65', 'user65@gmail.com', 1, 115000.00, 650),
	('U066', 'User 66', 'user66@gmail.com', 1, 116000.00, 660),
	('U067', 'User 67', 'user67@gmail.com', 1, 117000.00, 670),
	('U068', 'User 68', 'user68@gmail.com', 1, 118000.00, 680),
	('U069', 'User 69', 'user69@gmail.com', 1, 119000.00, 690),
	('U070', 'User 70', 'user70@gmail.com', 1, 120000.00, 700),
	('U071', 'User 71', 'user71@gmail.com', 1, 121000.00, 710),
	('U072', 'User 72', 'user72@gmail.com', 1, 122000.00, 720),
	('U073', 'User 73', 'user73@gmail.com', 1, 123000.00, 730),
	('U074', 'User 74', 'user74@gmail.com', 1, 124000.00, 740),
	('U075', 'User 75', 'user75@gmail.com', 1, 125000.00, 750),
	('U076', 'User 76', 'user76@gmail.com', 1, 126000.00, 760),
	('U077', 'User 77', 'user77@gmail.com', 1, 127000.00, 770),
	('U078', 'User 78', 'user78@gmail.com', 1, 128000.00, 780),
	('U079', 'User 79', 'user79@gmail.com', 1, 129000.00, 790),
	('U080', 'User 80', 'user80@gmail.com', 1, 130000.00, 800),
	('U081', 'User 81', 'user81@gmail.com', 1, 131000.00, 810),
	('U082', 'User 82', 'user82@gmail.com', 1, 132000.00, 820),
	('U083', 'User 83', 'user83@gmail.com', 1, 133000.00, 830),
	('U084', 'User 84', 'user84@gmail.com', 1, 134000.00, 840),
	('U085', 'User 85', 'user85@gmail.com', 1, 135000.00, 850),
	('U086', 'User 86', 'user86@gmail.com', 1, 136000.00, 860),
	('U087', 'User 87', 'user87@gmail.com', 1, 137000.00, 870),
	('U088', 'User 88', 'user88@gmail.com', 1, 138000.00, 880),
	('U089', 'User 89', 'user89@gmail.com', 1, 139000.00, 890),
	('U090', 'User 90', 'user90@gmail.com', 1, 140000.00, 900),
	('U091', 'User 91', 'user91@gmail.com', 1, 141000.00, 910),
	('U092', 'User 92', 'user92@gmail.com', 1, 142000.00, 920),
	('U093', 'User 93', 'user93@gmail.com', 1, 143000.00, 930),
	('U094', 'User 94', 'user94@gmail.com', 1, 144000.00, 940),
	('U095', 'User 95', 'user95@gmail.com', 1, 145000.00, 950),
	('U096', 'User 96', 'user96@gmail.com', 1, 146000.00, 960),
	('U097', 'User 97', 'user97@gmail.com', 1, 147000.00, 970),
	('U098', 'User 98', 'user98@gmail.com', 1, 148000.00, 980),
	('U099', 'User 99', 'user99@gmail.com', 1, 149000.00, 990),
	('U100', 'User 100', 'user100@gmail.com', 1, 150000.00, 1000),
	('U101', 'User 101', 'user101@gmail.com', 1, 151000.00, 1010),
	('U102', 'User 102', 'user102@gmail.com', 1, 152000.00, 1020),
	('U103', 'User 103', 'user103@gmail.com', 1, 153000.00, 1030),
	('U104', 'User 104', 'user104@gmail.com', 1, 154000.00, 1040),
	('U105', 'User 105', 'user105@gmail.com', 1, 155000.00, 1050),
	('U106', 'User 106', 'user106@gmail.com', 1, 156000.00, 1060),
	('U107', 'User 107', 'user107@gmail.com', 1, 157000.00, 1070),
	('U108', 'User 108', 'user108@gmail.com', 1, 158000.00, 1080),
	('U109', 'User 109', 'user109@gmail.com', 1, 159000.00, 1090),
	('U110', 'User 110', 'user110@gmail.com', 1, 160000.00, 1100),
	('U111', 'User 111', 'user111@gmail.com', 1, 161000.00, 1110),
	('U112', 'User 112', 'user112@gmail.com', 1, 162000.00, 1120),
	('U113', 'User 113', 'user113@gmail.com', 1, 163000.00, 1130),
	('U114', 'User 114', 'user114@gmail.com', 1, 164000.00, 1140),
	('U115', 'User 115', 'user115@gmail.com', 1, 165000.00, 1150),
	('U116', 'User 116', 'user116@gmail.com', 1, 166000.00, 1160),
	('U117', 'User 117', 'user117@gmail.com', 1, 167000.00, 1170),
	('U118', 'User 118', 'user118@gmail.com', 1, 168000.00, 1180),
	('U119', 'User 119', 'user119@gmail.com', 1, 169000.00, 1190),
	('U120', 'User 120', 'user120@gmail.com', 1, 170000.00, 1200),
	('U121', 'User 121', 'user121@gmail.com', 1, 171000.00, 1210),
	('U122', 'User 122', 'user122@gmail.com', 1, 172000.00, 1220),
	('U123', 'User 123', 'user123@gmail.com', 1, 173000.00, 1230),
	('U124', 'User 124', 'user124@gmail.com', 1, 174000.00, 1240),
	('U125', 'User 125', 'user125@gmail.com', 1, 175000.00, 1250),
	('U126', 'User 126', 'user126@gmail.com', 1, 176000.00, 1260),
	('U127', 'User 127', 'user127@gmail.com', 1, 177000.00, 1270),
	('U128', 'User 128', 'user128@gmail.com', 1, 178000.00, 1280),
	('U129', 'User 129', 'user129@gmail.com', 1, 179000.00, 1290),
	('U130', 'User 130', 'user130@gmail.com', 1, 180000.00, 1300),
	('U131', 'User 131', 'user131@gmail.com', 1, 181000.00, 1310),
	('U132', 'User 132', 'user132@gmail.com', 1, 182000.00, 1320),
	('U133', 'User 133', 'user133@gmail.com', 1, 183000.00, 1330),
	('U134', 'User 134', 'user134@gmail.com', 1, 184000.00, 1340),
	('U135', 'User 135', 'user135@gmail.com', 1, 185000.00, 1350),
	('U136', 'User 136', 'user136@gmail.com', 1, 186000.00, 1360),
	('U137', 'User 137', 'user137@gmail.com', 1, 187000.00, 1370),
	('U138', 'User 138', 'user138@gmail.com', 1, 188000.00, 1380),
	('U139', 'User 139', 'user139@gmail.com', 1, 189000.00, 1390),
	('U140', 'User 140', 'user140@gmail.com', 1, 190000.00, 1400),
	('U141', 'User 141', 'user141@gmail.com', 1, 191000.00, 1410),
	('U142', 'User 142', 'user142@gmail.com', 1, 192000.00, 1420),
	('U143', 'User 143', 'user143@gmail.com', 1, 193000.00, 1430),
	('U144', 'User 144', 'user144@gmail.com', 1, 194000.00, 1440),
	('U145', 'User 145', 'user145@gmail.com', 1, 195000.00, 1450),
	('U146', 'User 146', 'user146@gmail.com', 1, 196000.00, 1460),
	('U147', 'User 147', 'user147@gmail.com', 1, 197000.00, 1470),
	('U148', 'User 148', 'user148@gmail.com', 1, 198000.00, 1480),
	('U149', 'User 149', 'user149@gmail.com', 1, 199000.00, 1490),
	('U150', 'User 150', 'user150@gmail.com', 1, 200000.00, 1500);

/*!40103 SET TIME_ZONE=IFNULL(@OLD_TIME_ZONE, 'system') */;
/*!40101 SET SQL_MODE=IFNULL(@OLD_SQL_MODE, '') */;
/*!40014 SET FOREIGN_KEY_CHECKS=IFNULL(@OLD_FOREIGN_KEY_CHECKS, 1) */;
/*!40101 SET CHARACTER_SET_CLIENT=@OLD_CHARACTER_SET_CLIENT */;
/*!40111 SET SQL_NOTES=IFNULL(@OLD_SQL_NOTES, 1) */;
